0.023026,-0.217936,1.9586,0.019842,0.129373,2.00175,0.01665,0.461646,2.02922,0.043155,0.624232,2.03369,-0.134947,0.309924,1.96781,-0.195493,0.052053,1.91802,-0.192656,-0.150025,1.80805,-0.181159,-0.199025,1.78751,0.19649,0.298131,2.01169,0.22879,0.03268,1.96192,0.224039,-0.166959,1.84755,0.205601,-0.202829,1.83231,-0.053761,-0.210758,1.90774,-0.05914,-0.648719,1.89749,-0.078879,-1.08571,1.8345,-0.066042,-1.09275,1.7118,0.0988,-0.215956,1.92716,0.094018,-0.649282,1.88864,0.118467,-1.08896,1.80044,0.127547,-1.0957,1.67797,0.017454,0.380531,2.02492,-0.162579,-0.263031,1.76623,-0.151344,-0.203065,1.75518,0.191468,-0.267091,1.79902,0.250063,-0.181936,1.81602
0.023026,-0.218023,1.9585,0.019864,0.129315,2.00162,0.016698,0.461617,2.02905,0.04316,0.624226,2.03365,-0.134993,0.309929,1.96778,-0.195275,0.05208,1.91779,-0.19249,-0.149871,1.80802,-0.180838,-0.197747,1.78564,0.195977,0.29731,2.01074,0.228749,0.032748,1.96188,0.224053,-0.166702,1.84759,0.204671,-0.201886,1.8316,-0.053765,-0.210777,1.90766,-0.059207,-0.648789,1.89745,-0.078816,-1.08532,1.83382,-0.066146,-1.09238,1.71106,0.098806,-0.216152,1.92703,0.094352,-0.649739,1.8883,0.119158,-1.08871,1.79957,0.128057,-1.09545,1.67705,0.017496,0.380494,2.02476,-0.162084,-0.262123,1.76333,-0.140199,-0.210267,1.76384,0.192303,-0.267276,1.79779,0.25013,-0.181357,1.8157
0.023058,-0.218107,1.95849,0.01987,0.129305,2.00161,0.016687,0.461661,2.02898,0.043163,0.624275,2.03366,-0.134986,0.309948,1.96776,-0.195147,0.052004,1.91769,-0.192252,-0.149919,1.80802,-0.180786,-0.198659,1.78629,0.195984,0.297285,2.01071,0.228724,0.032774,1.96188,0.224049,-0.166626,1.84764,0.205371,-0.202792,1.83294,-0.053739,-0.210824,1.90767,-0.057732,-0.64981,1.89727,-0.079313,-1.08541,1.83422,-0.066636,-1.09246,1.71149,0.098842,-0.216277,1927,0.094365,-0.649741,1.8883,0.119428,-1.08873,1.79885,0.12832,-1.09545,1.67635,0.017491,0.380519,2.02471,-0.160524,-0.26256,1764,-0.141674,-0.206497,1.76607,0.191726,-0.267967,1.80078,0.249349,-0.183266,1.81564
0.023006,-0.218097,1.95845,0.019852,0.129315,2.00158,0.016686,0.46167,2.02897,0.04315,0.624316,2.03363,-0.135035,0.309965,1.96773,-0.195021,0.051981,1.91761,-0.192021,-0.149914,1.80796,-0.180205,-0.197533,1.78585,0.195988,0.297293,2.01072,0.228691,0.032829,1.96188,0.224051,-0.166559,1.8477,0.205364,-0.202218,1.83293,-0.053796,-0.210809,1.90759,-0.057692,-0.649823,1.89725,-0.079728,-1.08541,1.83487,-0.067055,-1.09242,1.71228,0.098796,-0.216269,1.92697,0.094458,-0.649492,1.88832,0.119628,-1.08861,1.7984,0.128504,-1.09528,1.67605,0.017487,0.380529,2.0247,-0.160607,-0.263303,1.76429,-0.137333,-0.209136,1.77065,0.191688,-0.267832,1.80187,0.249794,-0.182498,1.81571
0.023004,-0.218101,1.95846,0.019848,0.129321,2.00158,0.016671,0.461708,2.02895,0.043077,0.624424,2.03379,-0.135516,0.309811,1.96764,-0.194881,0.051929,1.91752,-0.191839,-0.149981,1.80799,-0.179934,-0.19913,1.78653,0.196016,0.29733,2.01081,0.228679,0.032822,1.96191,0.224054,-0.166535,1.84775,0.205255,-0.203067,1.83489,-0.053797,-0.210831,1.90762,-0.057511,-0.650714,1.89687,-0.079847,-1.08552,1.83508,-0.067171,-1.09249,1.71261,0.098793,-0.216267,1.92698,0.094681,-0.649014,1.88836,0.119509,-1.0886,1.79834,0.128387,-1.09524,1.67611,0.017475,0.380556,2.02469,-0.160056,-0.263123,1.76537,-0.139007,-0.207575,1.76874,0.190916,-0.267297,1.80113,0.241928,-0.187487,1808
0.022988,-0.218153,1.95847,0.019846,0.129311,2.00158,0.016674,0.461711,2.02894,0.043048,0.624451,2.03382,-0.135539,0.309811,1.96762,-0.194818,0.05199,1.9175,-0.191707,-0.149899,1.80805,-0.179546,-0.198464,1.78637,0.195689,0.297025,2.0105,0.228655,0.032812,1.96194,0.224089,-0.16656,1.84792,0.205445,-0.202837,1.8358,-0.053807,-0.210848,1.90764,-0.058149,-0.649429,1.89732,-0.079448,-1.08529,1.83481,-0.066835,-1.09224,1.71241,0.09877,-0.216371,1.92697,0.094898,-0.649148,1.88824,0.119493,-1.08854,1.79816,0.128316,-1.09516,1676,0.017476,0.380556,2.02468,-0.158499,-0.263317,1.7654,-0.136592,-0.207565,1.77534,0.190056,-0.267707,1.80141,0.249005,-0.182954,1.81599
0.023034,-0.218505,1.95846,0.019863,0.129247,2.00157,0.016682,0.461727,2.02893,0.043029,0.624493,2.03385,-0.135577,0.309889,1.96764,-0.194629,0.051683,1.91738,-0.1916,-0.150162,1.80789,-0.180245,-0.198075,1.7876,0.195697,0.297046,2.01049,0.228624,0.032895,1.96204,0.224099,-0.166467,1.84804,0.205414,-0.202638,1.83513,-0.053763,-0.211141,1.90766,-0.058017,-0.649503,1.89728,-0.079736,-1.08545,1.83478,-0.067134,-1.09236,1.71247,0.098815,-0.216761,1.92691,0.095102,-0.649413,1.88811,0.119794,-1.0888,1.79799,0.128593,-1.09538,1.67593,0.017483,0.380559,2.02468,-0.159966,-0.264043,1.76544,-0.138138,-0.205861,1.77244,0.191865,-0.267739,1.80224,0.252159,-0.201571,1.82553
0.023013,-0.218579,1.95847,0.019862,0.129234,2.00158,0.016688,0.461736,2.02893,0.043009,0.624516,2.03384,-0.1356,0.309893,1.96764,-0.194487,0.05154,1.91736,-0.191475,-0.150311,1.80792,-0.179677,-0.199185,1.78808,0.1957,0.297042,2.0105,0.228598,0.032891,1.96233,0.224168,-0.166411,1.84825,0.205996,-0.203467,1.83712,-0.05378,-0.211199,1.90767,-0.057726,-0.64956,1.8973,-0.080023,-1.08545,1.83467,-0.067427,-1.09234,1.71245,0.098791,-0.216843,1.92693,0.095192,-0.650504,1.8879,0.11924,-1.0888,1.79707,0.128037,-1.09535,1.67509,0.017486,0.380562,2.02468,-0.158934,-0.264775,1.76665,-0.137631,-0.208466,1.77286,0.192563,-0.268084,1.80541,0.250693,-0.186745,1.81999
0.023056,-0.218639,1.95849,0.019865,0.129231,2.00159,0.016677,0.461767,2.02894,0.042976,0.624535,2.03382,-0.136016,0.309707,1.96757,-0.194307,0.051491,1.91729,-0.191441,-0.150412,1.80802,-0.179303,-0.198808,1.78861,0.195705,0.297044,2.0105,0.228603,0.033074,1.96263,0.224255,-0.166236,1.84862,0.205976,-0.203195,1.83692,-0.053726,-0.211293,1.9077,-0.057645,-0.64959,1.89727,-0.080549,-1.08545,1.83458,-0.067962,-1.09231,1.71247,0.098823,-0.216874,1.92693,0.095316,-0.650555,1.88777,0.119439,-1.0888,1.7971,0.128213,-1.09531,1.67523,0.017481,0.380578,2.02469,-0.160067,-0.264215,1.7666,-0.139375,-0.210714,1.76772,0.192014,-0.268443,1.80572,0.250106,-0.190485,1.81931
0.023085,-0.218646,1.95849,0.01988,0.129229,2.00159,0.016683,0.46177,2.02893,0.042951,0.62457,2.03379,-0.135993,0.309736,1.96756,-0.194143,0.051401,1.91734,-0.191389,-0.150485,1.80809,-0.180527,-0.199193,1.78952,0.195716,0.297093,2.01055,0.228607,0.033201,1.96276,0.224328,-0.166117,1.84883,0.206481,-0.203196,1.83738,-0.053655,-0.211174,1.90771,-0.058083,-0.64901,1.89719,-0.080402,-1.08531,1.83483,-0.067822,-1.09212,1.71287,0.09888,-0.217025,1.9269,0.095336,-0.650396,1.88771,0.119509,-1.08886,1.79704,0.128278,-1.09532,1.67533,0.017489,0.38058,2.02468,-0.158475,-0.264554,1.76731,-0.138891,-0.209133,1.77118,0.192892,-0.268292,1.80456,0.250357,-0.187812,1.81914
0.023071,-0.218612,1.95844,0.019867,0.129236,2.00156,0.016671,0.461769,2.02892,0.042873,0.624594,2.03373,-0.135983,0.309726,1.9675,-0.194109,0.051344,1.91741,-0.191305,-0.150552,1.80824,-0.180444,-0.199624,1.79044,0.195711,0.297189,2.01061,0.228611,0.033322,1.96298,0.224462,-0.166076,1.84924,0.207065,-0.203002,1.83769,-0.053691,-0.210872,1.90754,-0.057976,-0.647946,1.89696,-0.080281,-1.08484,1.83441,-0.067688,-1.09163,1.71251,0.098863,-0.217091,1.92687,0.095631,-0.649084,1.88772,0.118946,-1.08893,1.79785,0.127742,-1.09538,1.6762,0.017477,0.38058,2.02467,-0.1604,-0.264742,1.76675,-0.143655,-0.210084,1.76142,0.194014,-0.268063,1.80367,0.250838,-0.189063,1.81972
0.023061,-0.218705,1.95845,0.01982,0.129202,2.00156,0.016541,0.46179,2.02889,0.042763,0.624669,2.03376,-0.136056,0.309729,1.96752,-0.194109,0.051343,1.91742,-0.191313,-0.150648,1.80854,-0.180743,-0.199703,1.79144,0.195454,0.296861,2.01034,0.228668,0.033584,1.96323,0.224626,-0.165869,1.84967,0.20691,-0.202613,1.83859,-0.053698,-0.210881,1.90754,-0.057482,-0.647596,1.89703,-0.081783,-1.0847,1.83638,-0.06922,-1.09148,1.71454,0.09886,-0.217372,1.92688,0.095855,-0.648765,1.88743,0.119617,-1.08894,1.79742,0.128341,-1.09535,1.67584,0.017375,0.380584,2.02465,-0.159094,-0.265811,1.76877,-0.140856,-0.209341,1.76844,0.194774,-0.269354,1.80732,0.253609,-0.185527,1.82334
0.023127,-0.218652,1.95836,0.019806,0.12922,2.00152,0.016448,0.461807,2.02887,0.042627,0.624664,2.03368,-0.136118,0.309733,1.96748,-0.194109,0.05134,1.91742,-0.191341,-0.150759,1.80881,-0.181311,-0.200316,1.79114,0.195371,0.297207,2.01046,0.228664,0.033602,1.96328,0.224692,-0.165855,1.84979,0.206833,-0.202403,1.83776,-0.053603,-0.210644,1.90741,-0.057596,-0.647005,1.89688,-0.081505,-1.08436,1.83677,-0.068933,-1.09112,1715,0.09892,-0.217419,1.9268,0.096259,-0.648832,1.8869,0.119362,-1.08895,1.79747,0.128105,-1.09534,1.67596,0.017309,0.380602,2.02462,-0.160084,-0.26508,1.76956,-0.137686,-0.211137,1.77704,0.195075,-0.266931,1.80468,0.252407,-0.186801,1.82125
0.023136,-0.218645,1.95834,0.01973,0.129241,2.0015,0.016118,0.461877,2.02883,0.042452,0.624656,2.03372,-0.136357,0.309712,1.9675,-0.194145,0.051284,1.91757,-0.191398,-0.150795,1.80896,-0.181237,-0.200293,1.79131,0.195293,0.297236,2.01043,0.228617,0.03367,1.96336,0.22477,-0.165814,1.84996,0.207482,-0.201952,1.83813,-0.053595,-0.21056,1.90739,-0.057782,-0.647053,1.89699,-0.081403,-1.08412,1.83677,-0.068862,-1.09087,1.71505,0.098941,-0.217473,1.92676,0.096336,-0.649057,1.88674,0.120325,-1.0887,1.79665,0.129021,-1.09507,1.6752,0.017057,0.380659,2.02458,-0.159675,-0.265826,1.76813,-0.140008,-0.208659,1.77128,0.194578,-0.2676,1.80405,0.252933,-0.186896,1.82228
0.023119,-0.218648,1.95833,0.019561,0.129211,2.00143,0.01569,0.461811,2.02869,0.042157,0.624687,2.03365,-0.137521,0.309478,1.96741,-0.194173,0.051136,1.91766,-0.191447,-0.150976,1.80919,-0.182132,-0.200441,1.79194,0.195103,0.297366,2.01039,0.228591,0.033749,1.9635,0.224817,-0.165731,1.85015,0.207053,-0.201128,1.83851,-0.053631,-0.210479,1.90743,-0.057466,-0.647245,1.89687,-0.081618,-1.0839,1.83692,-0.069118,-1.09064,1.71523,0.098889,-0.217608,1.92664,0.096338,-0.648384,1.88624,0.120544,-1.08874,1.7966,0.12919,-1.09509,1.67519,0.016699,0.380603,2.02446,-0.162205,-0.266534,1.77117,-0.13919,-0.214198,1.77789,0.194262,-0.268434,1.80821,0.251207,-0.189437,1.82046
0.023111,-0.218647,1.95833,0.019429,0.129205,2.00141,0.015333,0.461799,2.02865,0.041569,0.624782,2.03356,-0.137604,0.309561,1.96738,-0.194274,0.051032,1.91791,-0.1915,-0.150984,1.80929,-0.182334,-0.200623,1.79167,0.19497,0.297452,2.01036,0.228511,0.033889,1.96353,0.224839,-0.165616,1.85027,0.206465,-0.201149,1.83848,-0.053641,-0.210421,1.90744,-0.057875,-0.647004,1.89684,-0.081422,-1.08375,1.83697,-0.06893,-1.09048,1.71531,0.098859,-0.217667,1.9266,0.09671,-0.648825,1.88529,0.121236,-1.08876,1.79621,0.129864,-1.0951,1.67483,0.016402,0.380594,2.02443,-0.161329,-0.26632,1.7689,-0.137828,-0.214583,1.78276,0.192946,-0.268246,1.80699,0.251364,-0.189294,1.82049
0.023044,-0.218614,1.95827,0.019123,0.129303,2.00137,0.014655,0.46202,2.02873,0.040947,0.624788,2.03332,-0.137708,0.30959,1.96741,-0.194413,0.050865,1.91816,-0.19163,-0.151186,1.80966,-0.183875,-0.201137,1.79218,0.194797,0.297497,2.01026,0.228449,0.033983,1.9636,0.224898,-0.165541,1.85041,0.206252,-0.20098,1.83776,-0.053748,-0.210292,1.90743,-0.058231,-0.646625,1.89682,-0.081351,-1.08353,1.83698,-0.068893,-1.09024,1.71536,0.098796,-0.217715,1.92645,0.096715,-0.648701,1.88514,0.121724,-1.08881,1.79703,0.130312,-1.09514,1.67568,0.015823,0.380783,2.02446,-0.163235,-0.266699,1.77103,-0.140919,-0.213227,1.77327,0.195053,-0.266869,1.80699,0.252265,-0.187634,1.82156
0.023046,-0.218595,1.95827,0.018943,0.129366,2.00133,0.01408,0.462147,2.02858,0.039803,0.624877,2.03286,-0.139453,0.309558,1.96785,-0.194446,0.050633,1.9183,-0.191695,-0.151449,1.8099,-0.183978,-0.201603,1.79146,0.194583,0.297699,2.01023,0.228347,0.034116,1.96362,0.224911,-0.16542,1.85048,0.206575,-0.200337,1.83732,-0.053738,-0.210211,1.9075,-0.058438,-0.646601,1.89674,-0.081648,-1.08341,1.83781,-0.069372,-1.09012,1.71619,0.098796,-0.217712,1.92643,0.09682,-0.648224,1.88478,0.122219,-1.08867,1.79667,0.130609,-1.09498,1.67533,0.015356,0.380896,2.02434,-0.162483,-0.266625,1.76979,-0.137223,-0.210251,1.80135,0.195928,-0.266409,1.80785,0.254246,-0.185507,1.82393
0.023359,-0.218429,1.9582,0.018657,0.129444,2.00131,0.012574,0.46221,2.02851,0.038216,0.624976,2.03245,-0.140346,0.30951,1.96811,-0.194629,0.050185,1.91863,-0.19196,-0.15192,1.81031,-0.183301,-0.203007,1.79135,0.193838,0.298305,2.00975,0.228303,0.034552,1.96387,0.225026,-0.165071,1.85092,0.206797,-0.198634,1.8373,-0.053463,-0.210016,1.90755,-0.058861,-0.646656,1.89692,-0.082305,-1.0831,1.83911,-0.070238,-1.0898,1.71747,0.099159,-0.217581,1.92626,0.097822,-0.647741,1.88355,0.121547,-1.08882,1.79762,0.129729,-1.09511,1.67627,0.014219,0.380977,2.02429,-0.16157,-0.268394,1.7704,-0.153209,-0.202748,1.76196,0.19692,-0.26433,1.8066,0.253887,-0.184533,1.82372
0.033631,-0.214519,1.95814,0.02339,0.130963,2.00058,0.013916,0.462353,2.02742,0.040647,0.624955,2.02989,-0.140104,0.309934,1.96802,-0.193815,0.051545,1.92015,-0.18894,-0.151146,1.81292,-0.170121,-0.201218,1.7923,0.195963,0.300477,2.00967,0.235261,0.03425,1.96737,0.232764,-0.164767,1.85309,0.218716,-0.20356,1.83583,-0.043598,-0.207209,1.90706,-0.055614,-0.642064,1.90182,-0.08086,-1.07106,1.8359,-0.068988,-1.0778,1.71439,0.109502,-0.212712,1.92682,0.13405,-0.632331,1.85665,0.166818,-1.0796,1.82654,0.173995,-1.08619,1.70523,0.016271,0.381399,2.02333,-0.150045,-0.269948,1.77399,-0.127391,-0.19752,1.79034,0.209604,-0.251981,1.81029,0.261832,-0.216321,1.82788
0.038245,-0.213509,1.95769,0.02825,0.131501,2.00048,0.018753,0.462138,2.02767,0.046023,0.624593,2.02889,-0.138671,0.310016,1.96798,-0.191881,0.051522,1.92031,-0.185067,-0.151218,1.81328,-0.166699,-0.201537,1.79206,0.198733,0.2998,2.00898,0.238551,0.03449,1.96848,0.237287,-0.164468,1.85409,0.224199,-0.203395,1.83621,-0.039213,-0.206829,1.90651,-0.054273,-0.638981,1.90015,-0.080971,-1.06546,1.83799,-0.069279,-1.0722,1.71664,0.114156,-0.211105,1.92651,0.150463,-0.62613,1.85,0.189832,-1.07034,1.84946,0.196419,-1.07716,1.72821,0.0211,0.381387,2.02347,-0.146133,-0.269375,1.77458,-0.122319,-0.196834,1.78975,0.216153,-0.254941,1.81036,0.277493,-0.186479,1.83286
0.045372,-0.212152,1.95704,0.035422,0.132001,2.00007,0.025828,0.461584,2.02751,0.053306,0.623528,2.02829,-0.134069,0.310363,1.96821,-0.186761,0.053064,1.92116,-0.181072,-0.149574,1.8139,-0.159252,-0.19905,1.79184,0.205294,0.298926,2.00957,0.24434,0.033846,1.96989,0.242972,-0.164588,1.85456,0.230491,-0.204366,1.83571,-0.032683,-0.206204,1.9058,-0.051804,-0.635374,1.89818,-0.080255,-1.05997,1.83984,-0.068494,-1.06673,1.71858,0.121557,-0.209057,1.92595,0.154015,-0.624128,1.8496,0.203252,-0.980466,1.85614,0.241268,-0.967006,1.75585,0.028199,0.381107,2.02324,-0.14237,-0.268118,1.77546,-0.11706,-0.194963,1.79189,0.224182,-0.254197,1.80824,0.284116,-0.184307,1.83186
0.05095,-0.212279,1.95639,0.043107,0.131913,2.00001,0.035753,0.461385,2.02824,0.064565,0.622566,2.02848,-0.122465,0.311232,1.96802,-0.180419,0.054267,1.92144,-0.1731,-0.148307,1.81418,-0.151525,-0.2003,1.79134,0.212863,0.296223,2.00883,0.251758,0.031952,1.97092,0.250158,-0.165851,1.8545,0.237749,-0.205216,1.83631,-0.027216,-0.206249,1.90461,-0.050413,-0.631508,1.89659,-0.073531,-0.986787,1.85072,-0.082535,-0.951561,1.7405,0.127016,-0.2093,1.92588,0.193784,-0.60293,1.84689,0.24362,-0.955383,1.85833,0.281337,-0.962937,1.7637,0.037562,0.380947,2.02374,-0.133996,-0.266879,1.77151,-0.109648,-0.197334,1.79315,0.235136,-0.256545,1.80848,0.288351,-0.189185,1.82833
0.061422,-0.212458,1.9558,0.054671,0.131269,1.99951,0.047933,0.460161,2.02774,0.076361,0.621896,2.02902,-0.110407,0.311821,1.96745,-0.171641,0.053773,1.92044,-0.164879,-0.148636,1.81273,-0.144066,-0.200358,1.79,0.221836,0.294264,2.00833,0.259774,0.027911,1.97078,0.260686,-0.169293,1.85325,0.2467,-0.207578,1.83557,-0.016855,-0.206049,1.90291,-0.0484,-0.627539,1.89449,-0.072697,-0.979792,1.85227,-0.071506,-0.940801,1.74134,0.137221,-0.209886,1.92643,0.202464,-0.603143,1.84924,0.265451,-0.950029,1.8619,0.308922,-0.968028,1.77713,0.049639,0.379872,2.02324,-0.130184,-0.267153,1.77512,-0.100664,-0.198265,1.79475,0.240926,-0.2539,1.8085,0.299278,-0.18905,1.83227
0.072392,-0.212668,1.95587,0.066096,0.130691,1.99991,0.059641,0.459179,2.02843,0.091141,0.620797,2.0304,-0.098943,0.311407,1.96718,-0.161781,0.053002,1.92027,-0.156691,-0.149396,1.81246,-0.135534,-0.200638,1.79099,0.233127,0.291803,2008,0.268669,0.02514,1.9711,0.271261,-0.171824,1.85323,0.256594,-0.210265,1.83607,-0.006516,-0.205537,1.90212,-0.04601,-0.622706,1.89229,-0.0726,-0.975072,1.85365,-0.070637,-0.940634,1.74162,0.14835,-0.210862,1.92742,0.226618,-0.602956,1.85558,0.295455,-0.94907,1.86346,0.34339,-0.964829,1.78247,0.061296,0.37899,2.02386,-0.123077,-0.266605,1.77518,-0.105025,-0.2022,1.76221,0.248894,-0.256151,1.80802,0.304747,-0.210128,1.83007
0.082331,-0.21324,1.95602,0.07781,0.129762,1.99973,0.073127,0.457859,2.02781,0.106362,0.619583,2.03051,-0.084658,0.311299,1.96651,-0.151693,0.052149,1.91974,-0.145517,-0.150184,1.81185,-0.125289,-0.200446,1.79002,0.246866,0.290119,2.00829,0.279701,0.023821,1.97174,0.284357,-0.173411,1.8545,0.269472,-0.212633,1.83741,0.00349,-0.205682,1.90208,-0.041232,-0.615477,1.89093,-0.073283,-0.967604,1.85488,-0.070225,-0.942238,1.74168,0.157694,-0.211823,1.92776,0.245289,-0.597941,1.85848,0.320261,-0.942915,1.86439,0.373526,-0.965491,1.79026,0.074349,0.37777,2.02336,-0.114415,-0.265588,1.77429,-0.082956,-0.197296,1.79163,0.260316,-0.26214,1.80857,0.314021,-0.227559,1.83058
0.097359,-0.215526,1.95646,0.093847,0.127861,2.00006,0.089869,0.456418,2.02802,0.123829,0.618349,2.03196,-0.073706,0.311022,1.96669,-0.138896,0.05143,1.91893,-0.134213,-0.150639,1.81041,-0.113492,-0.199882,1.78822,0.261535,0.286688,2.00737,0.293791,0.023693,1.97262,0.294717,-0.174248,1.85656,0.281687,-0.21596,1.83792,0.018388,-0.20706,1.90211,-0.037191,-0.60802,1.88978,-0.071755,-0.960128,1.85672,-0.067178,-0.941441,1.74322,0.172233,-0.214939,1.92865,0.262389,-0.596092,1.86179,0.345448,-0.939138,1.86808,0.389181,-0.966595,1.79423,0.090953,0.376206,2.0236,-0.100936,-0.264602,1.77215,-0.071252,-0.193195,1.7974,0.274366,-0.273533,1.80795,0.329683,-0.213342,1.82803
0.122534,-0.219852,1.95675,0.125286,0.123006,1.99913,0.127529,0.451079,2.02565,0.164322,0.613558,2.03102,-0.032555,0.307309,1.96672,-0.106347,0.051751,1.91593,-0.103163,-0.150622,1.80796,-0.087037,-0.201327,1.78534,0.299995,0.281735,2.00775,0.326449,0.013941,1.97137,0.322317,-0.183858,1.85517,0.309834,-0.222943,1.83764,0.043491,-0.210232,1.90413,-0.027368,-0.602649,1.88741,-0.06839,-0.954228,1.85684,-0.068718,-0.944432,1.74372,0.196426,-0.220242,1.92729,0.289254,-0.596918,1.86595,0.377786,-0.93833,1.87455,0.422918,-0.969001,1.79628,0.127095,0.370983,2.02161,-0.074436,-0.267214,1.76815,-0.044261,-0.197767,1.79044,0.30538,-0.270057,1.80806,0.359411,-0.208604,1.82645
0.140155,-0.222671,1.95723,0.144869,0.120007,1.99918,0.148401,0.447999,2.02536,0.185741,0.61074,2.03033,-0.015227,0.305038,1.96629,-0.08724,0.045475,1.91304,-0.087592,-0.156177,1.80361,-0.071223,-0.201409,1.78402,0.317925,0.27783,2.00751,0.345268,0.008416,1.97072,0.337421,-0.189016,1.85406,0.326891,-0.228145,1.83746,0.060498,-0.212684,1.90559,-0.018804,-0.614868,1.88661,-0.068877,-0.965176,1.85592,-0.069884,-0.942404,1.74254,0.213919,-0.22333,1.92685,0.302229,-0.593991,1.86746,0.381802,-0.937548,1.8772,0.428533,-0.972498,1.80469,0.147715,0.367913,2.0214,-0.059349,-0.267887,1.76562,-0.028973,-0.19821,1.78719,0.316296,-0.277276,1.80872,0.374851,-0.218568,1.82457
0.156317,-0.224615,1.95547,0.163869,0.117582,1.99812,0.170296,0.445041,2.02523,0.209467,0.60807,2.03067,0.008716,0.302207,1.96475,-0.065543,0.040209,1.91064,-0.070769,-0.161919,1.80238,-0.052713,-0.204202,1.78189,0.338468,0.274062,2.00611,0.366277,0.00714,1.96978,0.358619,-0.190583,1.85369,0.343097,-0.231353,1.83713,0.075844,-0.214061,1.90484,-0.003212,-0.6034,1.88391,-0.065925,-0.951959,1.8575,-0.066874,-0.94453,1.74467,0.230238,-0.22578,1.9241,0.311313,-0.59013,1.86724,0.382734,-0.935457,1.87791,0.42925,-0.972382,1.80538,0.168891,0.365091,2.02101,-0.038042,-0.270933,1.7629,-0.010642,-0.197581,1791,0.335462,-0.289741,1.80748,0.396896,-0.215084,1.82995
0.177988,-0.227052,1.95402,0.186801,0.114763,1.99735,0.193928,0.441914,2.02515,0.233113,0.604922,2.03006,0.027426,0.299586,1.96492,-0.04496,0.037771,1.91049,-0.04607,-0.163836,1.80103,-0.031716,-0.207155,1.78167,0.361182,0.271113,2.00551,0.387946,0.00423,1.96939,0.378493,-0.194031,1.85449,0.365368,-0.233146,1.83648,0.098006,-0.216874,1.90489,0.00808,-0.60122,1.88311,-0.063715,-0.948118,1.85782,-0.067481,-0.945541,1.74592,0.250555,-0.227747,1.92131,0.320304,-0.586714,1.86518,0.385656,-0.929425,1.87844,0.431387,-0.972044,1.80879,0.192417,0.36203,2.02076,-0.017979,-0.272481,1.76062,0.009897,-0.202556,1.78804,0.359101,-0.287117,1.80757,0.417178,-0.217548,1.8275
0.203996,-0.228199,1.9531,0.211203,0.113243,1.99655,0.216699,0.440088,2.02443,0.257421,0.601922,2.02877,0.058302,0.297873,1.96423,-0.02106,0.033622,1.90976,-0.025313,-0.1677,1.79985,-0.009495,-0.208729,1.78386,0.389403,0.268872,2.00809,0.414599,0.003764,1.97129,0.402914,-0.195048,1.85767,0.388361,-0.23482,1.8375,0.122673,-0.218309,1.90468,0.020957,-0.606216,1.88158,-0.064723,-0.950011,1.85762,-0.06726,-0.944476,1.74512,0.276702,-0.22853,1.91976,0.331925,-0.590083,1.86295,0.388823,-0.930014,1.88024,0.429314,-0.970959,1.81589,0.215605,0.360274,2.02002,0.004442,-0.275543,1.76367,0.01851,-0.201814,1.75931,0.378522,-0.296526,1.81149,0.435858,-0.228007,1.82512
0.224682,-0.228663,1.95377,0.233621,0.11226,1.99644,0.240709,0.438593,2.02346,0.281461,0.6011,2.02857,0.08268,0.296837,1.9634,0.002839,0.030787,1.90954,-0.000601,-0.17128,1.80116,0.015049,-0.209996,1.78519,0.411886,0.266337,2.0099,0.434472,0.002716,1.97168,0.431166,-0.195888,1.85728,0.41282,-0.23391,1.83814,0.144147,-0.219096,1.90401,0.034615,-0.617161,1.87896,-0.06066,-0.958432,1.85711,-0.070673,-0.942144,1.74436,0.2959,-0.228687,1.92181,0.349634,-0.590297,1.86089,0.39241,-0.930761,1.88252,0.430074,-0.970635,1.81746,0.239247,0.358905,2.01928,0.029347,-0.276347,1.76543,0.057166,-0.206326,1.79223,0.404197,-0.290811,1.8115,0.463254,-0.209968,1.82708
0.243333,-0.231985,1.9544,0.253378,0.110484,1.99658,0.261436,0.43846,2.02312,0.303655,0.600317,2.02776,0.100377,0.296414,1.96259,0.028042,0.029482,1.91015,0.021488,-0.172619,1802,0.038808,-0.20946,1.78562,0.430809,0.266011,2.00979,0.458718,0.001755,1.97381,0.447945,-0.195923,1.85803,0.431928,-0.234714,1.84021,0.162365,-0.224347,1.90638,0.048173,-0.620214,1.87486,-0.053555,-0.959686,1.8561,-0.075796,-0.943045,1.7461,0.314398,-0.230023,1.92088,0.36366,-0.592305,1.86252,0.397674,-0.92917,1.88475,0.430852,-0.970419,1.81848,0.259756,0.358353,2.01905,0.053511,-0.276571,1.7658,0.080015,-0.201609,1.7963,0.422547,-0.287786,1.81102,0.484475,-0.216301,1.82981
0.265706,-0.233727,1.95311,0.274235,0.109804,1.99554,0.280546,0.438713,2.02235,0.32409,0.600043,2.02585,0.118661,0.296686,1.96165,0.051093,0.032284,1.90965,0.044369,-0.169738,1.80132,0.063052,-0.211158,1.78342,0.447335,0.266743,2.00857,0.479724,0.001349,1.97435,0.470058,-0.196611,1.85906,0.454171,-0.234448,1.84168,0.182783,-0.227443,1.90602,0.072697,-0.616773,1.86369,-0.043946,-0.951607,1.85002,-0.07067,-0.94519,1.74245,0.337571,-0.2302,1.91874,0.377029,-0.593869,1.8652,0.401745,-0.92988,1.8866,0.432547,-0.97493,1.82525,0.27933,0.358387,2.01821,0.079177,-0.276177,1.7635,0.09851,-0.206087,1.77233,0.44232,-0.282318,1.81406,0.502775,-0.220537,1.82918
0.283155,-0.231973,1.95341,0.292217,0.111693,1.99578,0.298904,0.440755,2.02258,0.342706,0.600695,2.02417,0.135727,0.298966,1.96237,0.069743,0.035403,1.91009,0.067922,-0.166776,1.80185,0.084547,-0.207467,1.7825,0.469307,0.268906,2.01109,0.494648,-0.0018,1.97663,0.48317,-0.199086,1.86027,0.468155,-0.238469,1.84606,0.199727,-0.225739,1.9071,0.08837,-0.617251,1.8548,-0.030205,-0.951384,1.84564,-0.064123,-0.943197,1.74086,0.354738,-0.228521,1.91837,0.390147,-0.592688,1.87109,0.404293,-0.929643,1.88942,0.431529,-0.976662,1.82783,0.29762,0.360389,2.01844,0.102234,-0.270966,1.75752,0.117413,-0.21269,1.75765,0.455637,-0.2848,1.82135,0.513117,-0.239483,1.83068
0.300364,-0.230283,1.95158,0.309481,0.113681,1.99344,0.316103,0.443033,2.01976,0.359948,0.603318,2.02224,0.15599,0.299861,1.96022,0.086224,0.035641,1.90801,0.090527,-0.166133,1.79904,0.107842,-0.208127,1.77784,0.482404,0.271139,2.01021,0.513722,0.005941,1.97964,0.502067,-0.192698,1.86582,0.487019,-0.231922,1.85031,0.216156,-0.22385,1.90487,0.107111,-0.616872,1.8407,-0.013162,-0.950264,1.83773,-0.053355,-0.943778,1.73676,0.372016,-0.227122,1.91705,0.397906,-0.592182,1.87686,0.406683,-0.944761,1.89149,0.44024,-0.984038,1.82308,0.314855,0.362597,2.01573,0.124019,-0.268856,1.7547,0.150185,-0.203004,1.78392,0.478005,-0.284128,1.82293,0.537911,-0.210063,1.83715
0.313015,-0.227003,1.9498,0.322546,0.116455,1.99222,0.329534,0.445281,2.01918,0.374094,0.605135,2.02013,0.167184,0.302119,1.96006,0.103125,0.037021,1.9071,0.103253,-0.164231,1.79693,0.125796,-0.204064,1.77486,0.494625,0.27382,2.00877,0.525918,0.008216,1.98045,0.519185,-0.192062,1.86954,0.503085,-0.219775,1.85975,0.227934,-0.220188,1.90336,0.130576,-0.612372,1.82636,0.025327,-0.95024,1.83277,-0.02734,-0.951392,1.72955,0.385031,-0.22438,1.91507,0.402969,-0.589985,1.88011,0.406679,-0.942899,1.89285,0.441263,-0.98147,1.82441,0.328207,0.364977,2.01498,0.14166,-0.264041,1.75075,0.151212,-0.208537,1.74117,0.487233,-0.289735,1.82966,0.554959,-0.200292,1.8447
0.328973,-0.2235,1.94715,0.336701,0.119619,1.99,0.341881,0.448097,2.0174,0.386627,0.607267,2.01689,0.178466,0.303911,1.95903,0.116822,0.041417,1.90517,0.121422,-0.161424,1.79197,0.142632,-0.200237,1.76972,0.505917,0.277585,2.0066,0.538634,0.009112,1.98034,0.529921,-0.19196,1.87115,0.513627,-0.218905,1.86096,0.243668,-0.215814,1.90121,0.147024,-0.612371,1.81595,0.046119,-0.951268,1.82623,0.0318,-0.945974,1.71518,0.400558,-0.221863,1912,0.407403,-0.58987,1.88282,0.406781,-0.943026,1.89347,0.441174,-0.981327,1.82433,0.34101,0.367881,2.0131,0.157942,-0.259185,1.74489,0.158855,-0.198109,1.73147,0.499563,-0.286764,1.83309,0.561987,-0.204092,1.84493
0.338803,-0.220404,1.94556,0.347711,0.122835,1988,0.353964,0.451389,2.01501,0.398347,0.609674,2.01404,0.193485,0.307956,1.95619,0.128897,0.044565,1.90285,0.134109,-0.160811,1.78908,0.158806,-0.197379,1.76551,0.520754,0.283743,2.00687,0.549614,0.012402,1.98026,0.537764,-0.189756,1.87355,0.522951,-0.217235,1.8622,0.254813,-0.211472,1.89941,0.168213,-0.621529,1.8019,0.089855,-0.965504,1.81856,0.071591,-0.94089,1.70734,0.408771,-0.219972,1.91068,0.412395,-0.60206,1.88645,0.407528,-0.955216,1.89585,0.446212,-0.984087,1.81916,0.352844,0.371159,2.0108,0.172365,-0.255738,1.7418,0.199163,-0.187404,1.76297,0.503132,-0.286585,1.83406,0.567371,-0.209488,1.84336
0.350047,-0.218934,1.94277,0.358624,0.124595,1.9851,0.364406,0.453403,2.01205,0.409779,0.611561,2.01014,0.202732,0.309158,1.95349,0.140403,0.049514,1.89971,0.149152,-0.151162,1.78869,0.171792,-0.19075,1.76362,0.530982,0.285133,2.00562,0.559131,0.015034,1.9802,0.545426,-0.188031,1.8756,0.529816,-0.215442,1.86299,0.266353,-0.21003,1.89627,0.192501,-0.621921,1.78942,0.12828,-0.967953,1.81307,0.127204,-0.940978,1.70036,0.419101,-0.218625,1.90832,0.416366,-0.61115,1.8888,0.407899,-0.964276,1.89714,0.449886,-0.983837,1.8153,0.363421,0.373114,2.00785,0.189357,-0.254056,1.74055,0.192491,-0.195255,1.72203,0.513007,-0.285112,1.83607,0.574832,-0.210541,1.84484
0.362968,-0.217169,1.93743,0.369331,0.126699,1.98089,0.373105,0.455717,2.00886,0.418702,0.613241,2.00636,0.215292,0.310101,1.94866,0.149749,0.053426,1.8965,0.160138,-0.146863,1.78484,0.183532,-0.185183,1.75835,0.539384,0.285957,2.00249,0.568194,0.017519,1.9793,0.550553,-0.186051,1.87633,0.535802,-0.215122,1.86201,0.278801,-0.208796,1.89029,0.222103,-0.625689,1.77627,0.160485,-1.04324,1.81036,0.172091,-1.05039,1.68957,0.431951,-0.216431,1.90371,0.417687,-0.62007,1.88875,0.407757,-0.972892,1.89969,0.452702,-0.983277,1.8148,0.372605,0.375388,2.00441,0.200869,-0.250796,1.73648,0.222601,-0.168803,1.75873,0.518631,-0.285168,1.83667,0.581282,-0.204906,1.8445
0.375388,-0.215194,1.93303,0.380012,0.12816,1.97663,0.381978,0.456733,2.00486,0.42722,0.61444,2.00186,0.223981,0.311818,1.94451,0.156014,0.055699,1.89316,0.167393,-0.144685,1.78178,0.193529,-0.183547,1.75428,0.544029,0.286161,2.00034,0.575368,0.016973,1.9781,0.555016,-0.186653,1.87573,0.540562,-0.215677,1.85948,0.290631,-0.207127,1.88435,0.247096,-0.615806,1.77171,0.191326,-1.04453,1.79846,0.203093,-1.05158,1.67793,0.444567,-0.214221,1.90088,0.422583,-0.625234,1.88944,0.408169,-0.977928,1.90014,0.453867,-0.981574,1.81278,0.381939,0.376509,2.00033,0.212846,-0.25004,1.73189,0.232451,-0.165954,1754,0.524335,-0.285212,1.83348,0.585589,-0.206949,1.84162
0.394224,-0.211067,1.92409,0.395235,0.131334,1.9674,0.393934,0.458877,1.99514,0.441603,0.61522,1.99196,0.23782,0.312935,1.93356,0.171579,0.060156,1.88124,0.184666,-0.141491,1.77257,0.211163,-0.180744,1.74402,0.56055,0.284875,1.99007,0.58722,0.016612,1.97181,0.564947,-0.187803,1.87161,0.551605,-0.216293,1.85197,0.309268,-0.2017,1.87352,0.276081,-0.611971,1.75119,0.264777,-1.04419,1.74595,0.275219,-1.05087,1.62585,0.462654,-0.21148,1.89395,0.407295,-0.607806,1.83797,0.419562,-0.955424,1.88571,0.348966,-0.934596,1.76624,0.394696,0.378917,1.99073,0.231064,-0.250062,1.72111,0.248126,-0.151925,1.75238,0.533521,-0.286447,1.82559,0.597675,-0.202107,1.83756
0.424546,-0.210616,1.87817,0.419528,0.132177,1.91124,0.411394,0.459967,1.92882,0.456792,0.616245,1.92488,0.258178,0.311991,1.86834,0.194238,0.05387,1.82256,0.211043,-0.151412,1.7223,0.234827,-0.193039,1.69201,0.578166,0.28904,1.92513,0.612971,0.014962,1.91854,0.567483,-0.215717,1.81818,0.5654,-0.237491,1.79084,0.339217,-0.196806,1.82922,0.313675,-0.551777,1.69606,0.355429,-1.00583,1.52139,0.363204,-1.01197,1.4028,0.491666,-0.215467,1.84679,0.369815,-0.581777,1.74407,0.461338,-0.953779,1.84397,0.416253,-0.907246,1.71465,0.413935,0.379995,1.92695,0.258389,-0.263933,1.66955,0.275115,-0.170067,1699,0.553089,-0.287785,1.77383,0.608832,-0.226637,1.77841
0.145949,-0.143283,1.1125,0.139437,0.215165,1.15541,0.13169,0.543299,1.18111,0.174749,0.697476,1191,-0.014879,0.397813,1.11984,-0.095243,0.117008,1.06827,-0.057034,-0.084001,0.957637,-0.039192,-0.122717,0.947907,0.285327,0.368435,1.15458,0.348149,0.119159,1.14361,0.339141,-0.084506,1.03331,0.313988,-0.119478,1.01291,0.0592,-0.134908,1.07189,-0.045653,-0.558348,0.945788,-0.307441,-0.6018,1.13923,-0.229091,-0.577834,1.02611,0.221764,-0.141145,1.07127,0.291996,-0.505419,1.02791,0.413947,-0.813969,1.00872,0.381844,-0.687672,0.96829,0.133779,0.46478,1.17677,-0.018381,-0.218868,0.93271,0.006124,-0.125397,0.938582,0.29512,-0.17458,1.00359,0.342332,-0.132331,1.00407
0.129658,-0.140197,1.10762,0.121161,0.218042,1.14842,0.111636,0.545648,1.17186,0.159564,0.70081,1.19099,-0.037449,0.401152,1.11148,-0.117852,0.121959,1.05861,-0.077435,-0.07908,0.948666,-0.062089,-0.116867,0.940922,0.272564,0.375393,1.15312,0.326949,0.121771,1.14077,0.317629,-0.080758,1.0281,0.294664,-0.115809,1.00701,0.043573,-0.132602,1.06599,-0.054095,-0.558666,0.946046,-0.322364,-0.602411,1.1307,-0.241216,-0.578282,1.01986,0.205938,-0.137421,1.06726,0.269469,-0.503776,1.00661,0.412812,-0.802335,0.968235,0.376111,-0.67626,0.932937,0.114138,0.467297,1.1681,-0.037389,-0.173691,0.945231,-0.016484,-0.098583,0.945906,0.275066,-0.171121,0.997277,0.322962,-0.131046,1.00029
0.107058,-0.138874,1.10426,0.102243,0.220275,1.14349,0.096193,0.548469,1.1657,0.143805,0.704766,1.18987,-0.053696,0.402709,1.10521,-0.138433,0.125314,1.04924,-0.097333,-0.077388,0.942711,-0.083836,-0.115361,0.934817,0.25376,0.383883,1.15048,0.307052,0.128241,1.13987,0.305447,-0.073925,1.02609,0.278201,-0.107937,1.0006,0.022243,-0.131829,1.06238,-0.058271,-0.56198,0.948034,-0.33095,-0.573194,1.13291,-0.248664,-0.558071,1.02235,0.183782,-0.135579,1.06401,0.257624,-0.567414,0.983955,0.571781,-0.437621,1.00242,0.452227,-0.435736,0.944871,0.097845,0.470003,1.16219,-0.056486,-0.17519,0.946634,-0.041476,-0.087671,0.943611,0.259502,-0.162163,0.988627,0.308123,-0.112588,0.994318
0.090943,-0.139344,1.10089,0.085899,0.221797,1.13937,0.080001,0.551809,1.16073,0.115595,0.711584,1.18513,-0.070017,0.40384,1.09972,-0.157348,0.13117,1.0437,-0.115365,-0.072222,0.938802,-0.102902,-0.110208,0.930464,0.230839,0.387222,1.14422,0.291477,0.135549,1.14019,0.292997,-0.065217,1.02368,0.265488,-0.100258,0.997589,0.007098,-0.133249,1.05857,-0.068421,-0.565171,0.953261,0.159602,-0.332121,1.0629,0.090551,-0.38527,0.972809,0.167799,-0.135006,1.06097,0.232926,-0.567988,0.969743,0.471271,-0.322295,1.00298,0.373948,-0.369318,0.936145,0.081573,0.472909,1.15743,-0.06947,-0.16597,0.942496,-0.058435,-0.08752,0.944588,0.247409,-0.150556,0.978939,0.296667,-0.118917,0.991091
0.072975,-0.139791,1.09615,0.070013,0.222908,1.13473,0.066262,0.553994,1.15617,0.084978,0.716323,1.17765,-0.085925,0.405655,1.09458,-0.170038,0.133469,1.03923,-0.130126,-0.070853,0.935336,-0.132455,-0.1029,0.924397,0.214478,0.390681,1.14031,0.279424,0.140399,1.13986,0.281254,-0.058793,1.02041,0.24114,-0.101139,0.992094,-0.009525,-0.134534,1.05251,-0.071034,-0.569496,0.958079,0.154142,-0.315362,1.02384,0.084764,-0.378342,0.949459,0.149727,-0.134526,1.05747,0.202906,-0.568836,0.957151,0.397491,-0.294692,1.0285,0.319543,-0.352809,0.945632,0.06729,0.474867,1.15283,-0.145714,-0.173828,0.922175,-0.088637,-0.100372,0.898221,0.225767,-0.197203,0.966684,0.283418,-0.111932,0.992923
0.059932,-0.140257,1.09378,0.063405,0.223078,1.13341,0.06388,0.554353,1.1556,0.07572,0.717438,1.17775,-0.086005,0.405706,1.0945,-0.183855,0.135683,1.0359,-0.145659,-0.069846,0.933854,-0.145807,-0.106321,0.923059,0.213482,0.391075,1.14038,0.269768,0.141966,1.13846,0.272232,-0.056419,1.01754,0.233606,-0.0937,0.991865,-0.021955,-0.134889,1.04994,-0.073481,-0.571401,0.96021,0.131651,-0.296296,1.00791,0.070271,-0.368175,0.940302,0.13719,-0.135048,1.05526,0.174044,-0.571229,0.953067,0.336147,-0.272224,1.01122,0.271208,-0.341928,0.931395,0.064058,0.475212,1.1521,-0.152104,-0.181516,0.91583,-0.094072,-0.10737,0.915256,0.215538,-0.185925,0.973503,0.26653,-0.119022,0.991765
0.024001,-0.13707,1.09057,0.025937,0.226689,1.12854,0.027296,0.558569,1.14936,0.053638,0.721479,1.18352,-0.128854,0.411067,1.08805,-0.209883,0.133086,1.02998,-0.172149,-0.073336,0.929675,-0.179963,-0.106937,0.925651,0.18147,0.402451,1.14193,0.240604,0.150999,1.14001,0.244506,-0.048597,1.0211,0.20527,-0.086879,1.0009,-0.054861,-0.132286,1.04823,-0.074873,-0.571316,0.956219,-0.012343,-0.235681,1.01384,-0.015096,-0.326621,0.944191,0.100978,-0.131477,1.05039,0.088911,-0.571369,0.963349,-0.029839,-0.28911,1.11508,0.020054,-0.341912,1.00824,0.02702,0.47927,1.14616,-0.172121,-0.205057,0.917505,-0.130682,-0.110471,0.90508,0.192226,-0.135814,0.978637,0.245379,-0.106291,0.994812
0.008146,-0.134757,1.09165,0.016542,0.227335,1.12918,0.022591,0.558258,1.14974,0.050233,0.721115,1.18812,-0.130235,0.411064,1.08861,-0.219121,0.130176,1.03247,-0.187052,-0.077336,0.93266,-0.190519,-0.111674,0.931086,0.176936,0.403285,1.1431,0.229541,0.154861,1.14274,0.227804,-0.047726,1.02915,0.188836,-0.088724,1.01126,-0.069956,-0.129157,1.04935,-0.08974,-0.567442,0.947133,0.100105,-0.308479,1.06725,0.051541,-0.370869,0.969369,0.085554,-0.130162,1.05143,0.056369,-0.57023,0.981332,0.072512,-0.237761,1.06999,0.074193,-0.31989,0.979022,0.021309,0.479134,1.14659,-0.185128,-0.203196,0.920478,-0.139173,-0.115324,0.911829,0.183191,-0.145046,0.988618,0.238021,-0.088889,1.01453
-0.002109,-0.133645,1.09402,0.007893,0.227524,1.13219,0.016297,0.557543,1.15319,0.050039,0.718932,1.19103,-0.14521,0.411795,1.09754,-0.223357,0.128151,1.03564,-0.19154,-0.078694,0.934352,-0.196052,-0.112334,0.936152,0.171548,0.403136,1.14589,0.231259,0.094627,1.12777,0.190014,-0.10838,1.0234,0.173828,-0.122643,1.01149,-0.080042,-0.12735,1.05187,-0.103713,-0.564336,0.939624,0.087355,-0.323211,1.08677,0.039118,-0.379495,0.982524,0.07591,-0.129824,1.05364,0.056035,-0.570367,0.988613,0.011676,-0.238404,1.06886,0.03798,-0.318805,0.981776,0.014386,0.478629,1.14996,-0.191927,-0.21518,0.929432,-0.144083,-0.121339,0.918576,0.138396,-0.198118,0.994683,0.179715,-0.175309,1.0337
-0.009934,-0.13282,1.09755,0.002239,0.227578,1.1354,0.012691,0.557001,1.15613,0.049462,0.717564,1.19501,-0.149533,0.412393,1.10227,-0.227875,0.133481,1.04541,-0.197658,-0.07229,0.941371,-0.202034,-0.108172,0.943175,0.168825,0.40251,1.14915,0.196145,0.089179,1.13652,0.191622,-0.112142,1.02118,0.17579,-0.118731,1.01115,-0.087889,-0.125617,1.05496,-0.109487,-0.561894,0.936127,0.058092,-0.324214,1.11105,0.01754,-0.378561,1.00061,0.068614,-0.129989,1.05765,0.055448,-0.504214,1.00291,0.000168,-0.828564,1.01453,0.01792,-0.701016,0.968616,0.010281,0.47822,1.15297,-0.200016,-0.215688,0.931909,-0.147882,-0.112739,0.920941,0.170045,-0.147969,0.996801,0.20349,-0.135833,1.0119
-0.018965,-0.132156,1.10244,-0.003505,0.227505,1.13957,0.009664,0.556434,1.15969,0.049497,0.715947,1.19676,-0.153225,0.412838,1.10791,-0.230398,0.135405,1.05394,-0.202959,-0.070144,0.948757,-0.206286,-0.107191,0.949869,0.167361,0.400565,1.15352,0.194663,0.087279,1.13724,0.183904,-0.114721,1.02359,0.168205,-0.123519,1.01674,-0.096981,-0.123492,1.05968,-0.1186,-0.558422,0.931788,0.036735,-0.371763,1.16188,0.000815,-0.410812,1.0392,0.060241,-0.130843,1.06275,0.051921,-0.504921,1.01551,-0.011594,-0.827957,1.02534,0.007932,-0.700851,0.979199,0.006632,0.477758,1.15669,-0.212321,-0.199093,0.930671,-0.157175,-0.117578,0.918556,0.161915,-0.153008,1.00546,0.198423,-0.132704,1.02073
-0.032345,-0.131739,1.10988,-0.010867,0.227573,1.14578,0.006808,0.556286,1.16482,0.048214,0.715021,1.19945,-0.155904,0.411822,1.11341,-0.233093,0.135296,1.06333,-0.203885,-0.068274,0.954685,-0.220786,-0.119229,0.963413,0.166079,0.39896,1.15861,0.192513,0.086258,1.13846,0.181687,-0.116544,1.02639,0.152104,-0.134382,1.02293,-0.109873,-0.121055,1.06697,-0.127365,-0.554255,0.928057,0.006982,-0.388395,1.18259,-0.022346,-0.421407,1.05474,0.047352,-0.132583,1.07038,0.047025,-0.506268,1.03,-0.023056,-0.828592,1.03364,-0.001894,-0.701741,0.988205,0.002796,0.477656,1.16206,-0.25188,-0.209674,0.93526,-0.177454,-0.123024,0.915706,0.133558,-0.166051,1.01716,0.177199,-0.15237,1.02336
-0.04325,-0.131478,1.11945,-0.013738,0.227727,1.14811,0.006836,0.556315,1.16479,0.047474,0.715417,1.20144,-0.157478,0.411009,1.1172,-0.235418,0.135082,1.07469,-0.207751,-0.067845,0.964509,-0.224978,-0.122562,0.970445,0.166066,0.39899,1.15862,0.188105,0.085321,1.1411,0.182008,-0.116502,1.02684,0.146703,-0.134994,1.0287,-0.120691,-0.119054,1.07702,-0.140793,-0.548895,0.923213,0.011528,-0.428229,1.1899,-0.020203,-0.435228,1.05433,0.037221,-0.134108,1.07949,0.044096,-0.507627,1.03738,-0.026271,-0.830026,1.03959,-0.005203,-0.703151,0.994464,0.002676,0.477706,1.16214,-0.242528,-0.225501,0.931237,-0.176141,-0.113427,0.927406,0.132941,-0.167641,1.02653,0.174751,-0.144723,1.02769
-0.052374,-0.130137,1.12741,-0.023702,0.228145,1.15996,0.001922,0.556048,1.17517,0.044695,0.713473,1.20419,-0.159559,0.410497,1.12482,-0.239264,0.136741,1.08592,-0.205157,-0.09128,0.967009,-0.229569,-0.136649,0.975692,0.161922,0.395804,1.16863,0.191144,0.145537,1.16935,0.177537,-0.059219,1.06103,0.137972,-0.091332,1.05338,-0.129854,-0.11593,1.08477,-0.155117,-0.542531,0.919178,-0.422059,-0.638466,1.07587,-0.337123,-0.601668,0.969172,0.028733,-0.134708,1.08773,0.039553,-0.50794,1.04777,-0.016699,-0.834007,1.03355,0.001105,-0.70605,0.991685,-0.003947,0.477574,1.17346,-0.247014,-0.232973,0.954379,-0.179582,-0.133051,0.936167,0.123331,-0.16124,1.02566,0.193229,-0.082446,1.04681
-0.05955,-0.1283,1.13427,-0.029965,0.229121,1.16687,-0.002926,0.556506,1.18231,0.040817,0.712261,1.20428,-0.162069,0.409453,1.13075,-0.246773,0.139329,1.09791,-0.208519,-0.092177,0.968872,-0.233417,-0.137603,0.981562,0.158411,0.39438,1.1753,0.189744,0.144711,1.17052,0.169115,-0.061806,1.06706,0.129771,-0.09211,1.06081,-0.136964,-0.11316,1.0912,-0.181013,-0.535164,0.915488,-0.453824,-0.465325,1.0869,-0.350499,-0.450847,0.997119,0.022084,-0.13404,1.09495,0.035536,-0.507179,1.05496,-0.008844,-0.835326,1.02746,0.006264,-0.706642,0.988201,-0.009307,0.478156,1.18058,-0.252368,-0.230792,0.959344,-0.187679,-0.135847,0.94,0.112365,-0.162954,1.03281,0.177938,-0.102089,1.05186
-0.067468,-0.126768,1.14075,-0.036725,0.230433,1.1739,-0.008289,0.557827,1.19014,0.035077,0.710933,1.20167,-0.166163,0.409578,1.13709,-0.253368,0.141018,1.1057,-0.239528,-0.062607,0.994674,-0.250722,-0.123812,0.988284,0.150495,0.390366,1.18208,0.184079,0.141922,1.17417,0.161254,-0.0647,1.07148,0.121482,-0.092844,1.06623,-0.144377,-0.11117,1.09654,-0.195916,-0.531222,0.917647,-0.4552,-0.473079,1.10928,-0.355737,-0.456156,1.01395,0.014242,-0.133211,1.10262,0.031004,-0.506278,1.06137,-0.001442,-0.835485,1.0253,0.011003,-0.706337,0.987627,-0.015092,0.479464,1.18819,-0.267299,-0.207687,0.970066,-208,-0.136532,948,0.104094,-0.164049,1.03828,0.172192,-0.091208,1.05393
-0.094993,-0.122047,1.16034,-0.059197,0.233245,1.19141,-0.027195,0.559771,1.20696,-0.00107,0.71719,1.21951,-0.180085,0.408408,1.14841,-0.284907,0.141514,1.12433,-0.266975,-0.06109,1.01216,-0.275671,-0.132152,1.00747,0.13516,0.388707,1.19926,0.154006,0.138639,1.19511,0.137674,-0.067786,1.09099,0.111544,-0.104522,1.07934,-0.170461,-0.106482,1.11518,-0.254521,-0.458403,0.969707,-0.359969,-0.880164,0.832977,-0.336085,-0.885484,0.719363,-0.01277,-0.12896,1.12318,0.018311,-0.501498,1076,0.009316,-0.831548,1.02999,0.016257,-0.701969,0.993766,-0.034804,0.481554,1.20506,-0.289059,-0.225822,0.989568,-0.230865,-0.131961,0.968809,0.096825,-0.148884,1.04994,0.142079,-0.129725,1.07664
-0.112969,-0.121848,1.17125,-0.091932,0.232097,1.20999,-0.076661,0.557298,1.23479,-0.016636,0.692746,1.22819,-0.218973,0.404263,1.16682,-0.307848,0.135931,1.13071,-0.287303,-0.067576,1.02096,-0.29612,-0.140687,1.01882,0.089251,0.38492,1.23236,0.130934,0.133377,1.21023,0.119485,-0.072528,1.10455,0.092453,-0.108831,1.08954,-0.188044,-0.108381,1.12533,-0.298482,-0.456407,0.998336,-0.405124,-0.831853,1.19576,-0.35569,-0.797433,1.09803,-0.030089,-0.126726,1.13502,0.010979,-0.498558,1.08107,-0.31502,-0.506616,0.854025,-0.284895,-0.514074,0.735996,-0.081117,0.479327,1.23109,-0.306593,-0.234103,1.00702,-0.249702,-0.141783,0.983839,0.079359,-0.153515,1.06003,0.138693,-0.089208,1.08785
-0.128196,-0.123576,1.17784,-0.10474,0.230347,1.21466,-0.082916,0.556189,1.23618,-0.043367,0.702004,1.23184,-0.229011,0.402821,1.16929,-0.319662,0.131928,1.13193,-0.298649,-0.072386,1.02399,-0.293699,-0.121617,1.02239,0.082551,0.384886,1.23532,0.113466,0.131289,1.21839,0.106128,-0.074196,1.11156,0.079884,-0.111882,1.09431,-0.201263,-0.110887,1.12962,-0.317765,-0.45863,1.01405,-0.464787,-0.861011,1.12078,-0.425834,-0.855401,1.01992,-0.046445,-0.127503,1.14433,0.007289,-0.497738,1.08164,-0.362605,-0.559765,0.937484,-0.332164,-0.567507,0.819707,-0.088256,0.478116,1.23293,-0.285086,-0.220735,1.00328,-0.240861,-0.125314,1.00997,0.083353,-0.195838,1.06832,0.117936,-0.108815,1.09571
-0.156463,-0.129689,1.1887,-0.140287,0.22394,1.22693,-0.124341,0.549874,1.24859,-87,0.695774,1.24548,-0.269625,0.397377,1.17701,-0.350923,0.123001,1.13391,-0.325527,-0.083373,1.03154,-0.321662,-0.12751,1.03196,0.045901,0.381026,1.25227,0.076981,0.12238,1.23391,0.079572,-0.081194,1.12325,0.053537,-0.120488,1.10438,-0.227479,-0.118583,1.13827,-0.359159,-0.463178,1.04878,-0.480532,-0.875969,1.15011,-0.44122,-0.876189,1.05094,-0.074848,-0.131766,1.15753,-0.007458,-0.499344,1.0829,-0.388702,-0.605751,1.00589,-0.356391,-0.613283,0.888573,-0.128341,0.471698,1.24534,-0.310232,-0.181962,1.02781,-0.27173,-0.120014,1.03177,0.045695,-0.180371,1.0909,0.081872,-0.158417,1.10822
-0.192912,-0.135494,1.20157,-0.182347,0.21801,1.2391,-0.170906,0.544289,1.25984,-0.137398,0.690708,1.25776,-0.31563,0.390449,1.1847,-0.389167,0.116808,1.13802,-0.357649,-0.090447,1.03963,-0.359571,-0.131206,1.03689,0.00335,0.378374,1.27139,0.031977,0.117477,1.24964,0.045191,-0.084932,1.13769,0.020476,-0.124277,1.11644,-0.26184,-0.126228,1.14693,-0.390548,-0.472252,1.07689,-0.492372,-0.885034,1.19537,-0.449675,-0.885082,1.09711,-0.111166,-0.135498,1.17504,-0.033118,-0.500032,1.08673,0.193082,-0.888558,1.02662,0.228105,-0.879747,0.913621,-0.173915,0.465979,1.25684,-0.357566,-0.186806,1.03639,-0.312647,-0.112899,1.04971,0.028378,-0.185109,1.07289,0.05921,-0.124892,1.12194
-0.218667,-0.139747,1.20844,-0.208785,0.213831,1.24546,-0.197176,0.540552,1.26572,-0.16548,0.686139,1.2621,-0.344002,0.385306,1.18875,-0.411534,0.111971,1.14011,-0.376381,-0.094997,1.04248,-0.371498,-0.134277,1.03944,-0.020594,0.375136,1.28144,0.009256,0.114248,1.25592,0.025319,-0.088983,1.14609,0.000338,-0.127067,1.12329,-0.286313,-0.130844,1.15132,-0.407082,-0.479525,1.09338,-0.494827,-0.896741,1.2083,-0.451424,-0.898385,1.10924,-0.136455,-0.139221,1.18458,-0.041768,-0.499235,1.08874,0.163651,-0.900314,1.07144,0.195762,-0.897709,0.965566,-0.200319,0.462102,1.26285,-0.355707,-0.190205,1.03893,-0.326223,-0.111099,1.05938,0.008011,-0.188896,1.07788,0.040067,-0.128679,1.12708
-0.240327,-0.144428,1.21467,-0.233219,0.209784,1.25185,-0.224361,0.537474,1.27235,-0.193474,0.682339,1.26817,-0.372135,0.37986,1194,-0.434965,0.102804,1.14206,-0.400831,-0.103249,1.04225,-0.392228,-0.138654,1.03959,-0.053415,0.369544,1.28634,-0.020162,0.10869,1.2643,0.004458,-0.09344,1.1541,-0.022345,-0.130088,1.13023,-0.308149,-0.136316,1.15554,-0.421961,-0.486792,1.1083,-0.484668,-0.912043,1.21201,-0.440001,-0.915326,1.11047,-0.15674,-0.14295,1.19299,-0.055804,-0.500712,1.09237,0.276135,-0.80306,1.00864,0.306276,-0.775739,0.896525,-0.226833,0.458751,1.26942,-0.371351,-0.184868,1.03241,-0.352796,-0.12808,1057,-0.032624,-0.174044,1.10071,0.013346,-0.152011,1.14073
